<eb3:Messaging xmlns:eb3="http://docs.oasis-open.org/ebxml-msg/ebms/v3.0/ns/core/200704/">
    <eb3:UserMessage>
        <eb3:MessageInfo>
            <eb3:Timestamp>2021-04-21T08:08:48.672Z</eb3:Timestamp>
            <eb3:MessageId>e384ec3e-4f16-4382-af7a-83803fe37660@DMS.Import.Declaration.Submit</eb3:MessageId>
            <eb3:RefToMessageId>08a42581-baaf-4ed4-b441-424304680c0e@dk</eb3:RefToMessageId>
        </eb3:MessageInfo>
        <eb3:UserMessage>
            <eb3:From>
                <eb3:PartyId type="string">DMS.Import.Declaration.Submit</eb3:PartyId>
                <eb3:Role>http://docs.oasis-open.org/ebxml-msg/ebms/v3.0/ns/core/200704/responder</eb3:Role>
            </eb3:From>
            <eb3:To>
                <eb3:PartyId type="string">CVR_******_UID_********-_AS4</eb3:PartyId>
                <eb3:Role>http://docs.oasis-open.org/ebxml-msg/ebms/v3.0/ns/core/200704/initiator</eb3:Role>
            </eb3:To>
        </eb3:UserMessage>
        <eb3:CollaborationInfo>
            <eb3:Service type="string">http://docs.oasis-open.org/ebxml-msg/as4/200902/service</eb3:Service>
            <eb3:Action>StatusResponse</eb3:Action>
            <eb3:ConversationId>org:holodeckb2b:test:conversation</eb3:ConversationId>
        </eb3:CollaborationInfo>
        <eb3:PayloadInfo>
            <eb3:PartInfo href="cid:A1618992528669.17271156@j0AFyd5nKT-CYsIL4kU=">
                <eb3:PartProperties>
                    <eb3:Property name="org:holodeckb2b:location">C:\Users\..\pl-e384ec3e-4f16-4382-af7a-83803fe37660_DMS.Import.Declaration.Submit-A1618992528669.17271156.xml</eb3:Property>
                </eb3:PartProperties>
            </eb3:PartInfo>
        </eb3:PayloadInfo>
    </eb3:UserMessage>
</eb3:Messaging>