<env:Envelope xmlns:env="http://www.w3.org/2003/05/soap-envelope"
    xmlns:eb3="http://docs.oasis-open.org/ebxml-msg/ebms/v3.0/ns/core/200704/">
    <env:Header>
        <wsse:Security xmlns:wsse="http://docs.oasis-open.org/wss/2004/01/oasis-200401-wss-wssecurity-secext-1.0.xsd"
            xmlns:wsu="http://docs.oasis-open.org/wss/2004/01/oasis-200401-wss-wssecurity-utility-1.0.xsd" env:mustUnderstand="true">
            <ds:Signature xmlns:ds="http://www.w3.org/2000/09/xmldsig#" Id="SIG-b9f825e8-e472-4b9c-9f9d-94b75f347329">
                <ds:SignedInfo>
                    <ds:CanonicalizationMethod Algorithm="http://www.w3.org/2001/10/xml-exc-c14n#">
                        <ec:InclusiveNamespaces xmlns:ec="http://www.w3.org/2001/10/xml-exc-c14n#" PrefixList="eb3 env"/>
                    </ds:CanonicalizationMethod>
                    <ds:SignatureMethod Algorithm="http://www.w3.org/2001/04/xmldsig-more#rsa-sha256"/>
                    <ds:Reference URI="#id-5bd9955a-066d-4e8e-89e8-ca3e968fd939">
                        <ds:Transforms>
                            <ds:Transform Algorithm="http://www.w3.org/2001/10/xml-exc-c14n#">
                                <ec:InclusiveNamespaces xmlns:ec="http://www.w3.org/2001/10/xml-exc-c14n#" PrefixList="eb3"/>
                            </ds:Transform>
                        </ds:Transforms>
                        <ds:DigestMethod Algorithm="http://www.w3.org/2001/04/xmlenc#sha256"/>
                        <ds:DigestValue>vOFoyoRpQauRuFufVSdBeISCFcIbCNOXUDOfPIp6Skg=</ds:DigestValue>
                    </ds:Reference>
                    <ds:Reference URI="#id-7ad74aa5-2493-46fb-9604-aba72999ccce">
                        <ds:Transforms>
                            <ds:Transform Algorithm="http://www.w3.org/2001/10/xml-exc-c14n#"/>
                        </ds:Transforms>
                        <ds:DigestMethod Algorithm="http://www.w3.org/2001/04/xmlenc#sha256"/>
                        <ds:DigestValue>lv8GlQDTWq9ZII0z+t/ytIa7Pfrc2oOMg3hLwDEMlkk=</ds:DigestValue>
                    </ds:Reference>
                    <ds:Reference URI="#UsernameToken-dddd9ca7-1cd4-4b80-99d0-34bb0701d571">
                        <ds:Transforms>
                            <ds:Transform Algorithm="http://www.w3.org/2001/10/xml-exc-c14n#">
                                <ec:InclusiveNamespaces xmlns:ec="http://www.w3.org/2001/10/xml-exc-c14n#" PrefixList="eb3 env"/>
                            </ds:Transform>
                        </ds:Transforms>
                        <ds:DigestMethod Algorithm="http://www.w3.org/2001/04/xmlenc#sha256"/>
                        <ds:DigestValue>hcd/ywLgwlSeMmmM4T3VJHUYeIa7NiM6VVzIyAYo8RE=</ds:DigestValue>
                    </ds:Reference>
                </ds:SignedInfo>
                <ds:SignatureValue>CFG7OmZTtLAHQK8dhtJa3a0Z+ReQfL69V2B7QbTn8vPs4IGCf+4VY3Qa6CFSCLWjRg4PxglMqllQ&#13; Wd2Hy4JFiB71lNghY6ZdUNPiJZ/12oErftQ9O9ooOvGbEI8y0r0JQKfDwc7cbxvkwkReF6stcb9k&#13; 2pk/hNfZxmn4O39v1avyojETdY0VxLsV7PvkeeluAXa3Pv7qcTX324Q7Rzh2pOlt9nAQOM9NuLLI&#13; ZAbRMwoTRFR8O1bLjvvfV6kvdgPSwv+Cb1pg18XrAzpoYCYSKy5W3WInwrMPPOaZV6OJtLaowS8+&#13; BYE7fW7yFh730WLi0yUQhQjmIHBDcwvPIqqm8Q==</ds:SignatureValue>
                <ds:KeyInfo Id="KI-10cf4e2c-26c7-4b26-b51b-39fb7bda298d">
                    <wsse:SecurityTokenReference wsu:Id="STR-c4f05f6a-3c5b-4698-8511-013e8009cf25">
                        <ds:X509Data>
                            <ds:X509IssuerSerial>
                                <ds:X509IssuerName>CN=TRUST2408 Systemtest XXXIV CA,O=TRUST2408,C=DK</ds:X509IssuerName>
                                <ds:X509SerialNumber>1604088381</ds:X509SerialNumber>
                            </ds:X509IssuerSerial>
                        </ds:X509Data>
                    </wsse:SecurityTokenReference>
                </ds:KeyInfo>
            </ds:Signature>
        </wsse:Security>
        <wsse:Security xmlns:wsse="http://docs.oasis-open.org/wss/2004/01/oasis-200401-wss-wssecurity-secext-1.0.xsd"
            xmlns:wsu="http://docs.oasis-open.org/wss/2004/01/oasis-200401-wss-wssecurity-utility-1.0.xsd" env:mustUnderstand="true" env:role="ebms">
            <wsse:UsernameToken wsu:Id="UsernameToken-dddd9ca7-1cd4-4b80-99d0-34bb0701d571">
                <wsse:Username>CVR_13116482_UID_50151991</wsse:Username>
                <wsse:Password Type="http://docs.oasis-open.org/wss/2004/01/oasis-200401-wss-username-token-profile-1.0#PasswordDigest">****************</wsse:Password>
                <wsse:Nonce EncodingType="http://docs.oasis-open.org/wss/2004/01/oasis-200401-wss-soap-message-security-1.0#Base64Binary">XwvSUHyDs2SQmzRr4HhMwg==</wsse:Nonce>
                <wsu:Created>2022-06-27T09:02:39.243Z</wsu:Created>
            </wsse:UsernameToken>
        </wsse:Security>
        <eb3:Messaging xmlns:ns3="http://schemas.xmlsoap.org/soap/envelope/"
            xmlns:wsu="http://docs.oasis-open.org/wss/2004/01/oasis-200401-wss-wssecurity-utility-1.0.xsd" env:mustUnderstand="true" wsu:Id="id-7ad74aa5-2493-46fb-9604-aba72999ccce">
            <eb3:UserMessage>
                <eb3:MessageInfo>
                    <eb3:Timestamp>2022-06-27T11:02:37.6334197</eb3:Timestamp>
                    <eb3:MessageId>a46efff9-e56b-48fb-8439-627843cce50b</eb3:MessageId>
                </eb3:MessageInfo>
                <eb3:PartyInfo>
                    <eb3:From>
                        <eb3:PartyId type="string">CVR_13116482_UID_50151991_AS4</eb3:PartyId>
                        <eb3:Role>http://docs.oasis-open.org/ebxml-msg/ebms/v3.0/ns/core/200704/initiator</eb3:Role>
                    </eb3:From>
                    <eb3:To>
                        <eb3:PartyId type="string">SKAT-MFT-AS4</eb3:PartyId>
                        <eb3:Role>http://docs.oasis-open.org/ebxml-msg/ebms/v3.0/ns/core/200704/responder</eb3:Role>
                    </eb3:To>
                </eb3:PartyInfo>
                <eb3:CollaborationInfo>
                    <eb3:Service type="string">DMS.Import2</eb3:Service>
                    <eb3:Action>Notification</eb3:Action>
                    <eb3:ConversationId>placeholder</eb3:ConversationId>
                </eb3:CollaborationInfo>
                <eb3:MessageProperties>
                    <eb3:Property name="lang">EN</eb3:Property>
                    <eb3:Property name="dateFrom">2022-02-17T13:00:00.000</eb3:Property>
                    <eb3:Property name="dateTo">2022-02-17T13:00:00.000</eb3:Property>
                    <eb3:Property name="submitterId">13116482</eb3:Property>
                    <eb3:Property name="page">0</eb3:Property>
                    <eb3:Property name="size">500</eb3:Property>
                </eb3:MessageProperties>
                <eb3:PayloadInfo/>
            </eb3:UserMessage>
        </eb3:Messaging>
    </env:Header>
    <env:Body xmlns:wsu="http://docs.oasis-open.org/wss/2004/01/oasis-200401-wss-wssecurity-utility-1.0.xsd" wsu:Id="id-5bd9955a-066d-4e8e-89e8-ca3e968fd939"/>
</env:Envelope>
