<eb3:Messaging xmlns:eb3="http://docs.oasis-open.org/ebxml-msg/ebms/v3.0/ns/core/200704/">
    <eb3:UserMessage>
        <eb3:MessageInfo>
            <eb3:Timestamp>2021-04-21T07:49:29.505Z</eb3:Timestamp>
            <eb3:MessageId>9fde815e-5e0f-48b2-ad0e-836e0167a425@DMS.Import.Declaration.Submit</eb3:MessageId>
            <eb3:RefToMessageId>57c62150-b898-43c6-ab53-aaa3d58fffd2@PF1CK5H3.nclan.netcompany.dk</eb3:RefToMessageId>
        </eb3:MessageInfo>
        <eb3:UserMessage>
            <eb3:From>
                <eb3:PartyId type="string">DMS.Import.Declaration.Submit</eb3:PartyId>
                <eb3:Role>http://docs.oasis-open.org/ebxml-msg/ebms/v3.0/ns/core/200704/responder</eb3:Role>
            </eb3:From>
            <eb3:To>
                <eb3:PartyId type="string">CVR_30808460_UID_25351738_AS4</eb3:PartyId>
                <eb3:Role>http://docs.oasis-open.org/ebxml-msg/ebms/v3.0/ns/core/200704/initiator</eb3:Role>
            </eb3:To>
        </eb3:UserMessage>
        <eb3:CollaborationInfo>
            <eb3:Service type="string">http://docs.oasis-open.org/ebxml-msg/as4/200902/service</eb3:Service>
            <eb3:Action>StatusResponse</eb3:Action>
            <eb3:ConversationId>org:holodeckb2b:test:conversation</eb3:ConversationId>
        </eb3:CollaborationInfo>
        <eb3:PayloadInfo>
            <eb3:PartInfo href="cid:A1618991369501.17259713@j0AFyd5nKT-CYsIL4kU=">
                <eb3:PartProperties>
                    <eb3:Property name="org:holodeckb2b:location">C:\Users\CBM\Desktop\DMS Dokumenter\onboarding\Gusnordic\holodeckb2b-5.0.3\data\msg_in\pl-9fde815e-5e0f-48b2-ad0e-836e0167a425_DMS.Import.Declaration.Submit-A1618991369501.17259713.xml</eb3:Property>
                </eb3:PartProperties>
            </eb3:PartInfo>
        </eb3:PayloadInfo>
    </eb3:UserMessage>
</eb3:Messaging>