<ns3:Declaration xmlns:ns3="urn:wco:datamodel:WCO:DEC-DMS:2" xmlns:urn1="urn:wco:datamodel:WCO:Declaration_DS:DMS:2">
    <ns3:FunctionCode>9</ns3:FunctionCode>
    <ns3:ProcedureCategory>B1</ns3:ProcedureCategory>
    <ns3:FunctionalReferenceID>{{LRN}}</ns3:FunctionalReferenceID>
    <ns3:TypeCode>EXA</ns3:TypeCode>
    <ns3:DeclarationOfficeID>DK005600</ns3:DeclarationOfficeID>
    <ns3:InvoiceAmount currencyID="NOK">7442.00</ns3:InvoiceAmount>
    <ns3:Submitter>
        <ns3:Name>{{CVR}}</ns3:Name>
        <ns3:ID>{{CVR}}</ns3:ID>
    </ns3:Submitter>
    <ns3:Declarant>
        <ns3:ID>{{DeclarantEORI}}</ns3:ID>
    </ns3:Declarant>
    <ns3:ExitOffice>
        <ns3:ID>DK005600</ns3:ID>
    </ns3:ExitOffice>
    <ns3:Exporter>
        <ns3:ID>{{ExporterEORI}}</ns3:ID>
    </ns3:Exporter>
    <ns3:GoodsShipment>
        <ns3:Consignee>
            <ns3:Name>Postkontor X</ns3:Name>
            <ns3:Address>
                <ns3:CityName>Tromso</ns3:CityName>
                <ns3:CountryCode>NO</ns3:CountryCode>
                <ns3:Line>15</ns3:Line>
                <ns3:PostcodeID>NO-6283</ns3:PostcodeID>
            </ns3:Address>
        </ns3:Consignee>
        <ns3:Consignment>
            <ns3:BorderTransportMeans>
                <ns3:ID>RegistrationNumber</ns3:ID>
                <ns3:IdentificationTypeCode>30</ns3:IdentificationTypeCode>
                <ns3:RegistrationNationalityCode>DK</ns3:RegistrationNationalityCode>
                <ns3:ModeCode>3</ns3:ModeCode>
            </ns3:BorderTransportMeans>
            <ns3:ContainerCode>0</ns3:ContainerCode>
            <ns3:GoodsLocation>
                <ns3:Name>DKCPH-0493</ns3:Name>
                <ns3:TypeCode>A</ns3:TypeCode>
                <ns3:IdentificationType>U</ns3:IdentificationType>
            </ns3:GoodsLocation>
        </ns3:Consignment>
        <ns3:Destination>
            <ns3:CountryCode>UA</ns3:CountryCode>
        </ns3:Destination>
        <ns3:ExportCountry>
            <ns3:ID>DK</ns3:ID>
        </ns3:ExportCountry>
        <ns3:GoodsMeasure>
            <ns3:GrossMassMeasure unitCode="KGM">16500.00</ns3:GrossMassMeasure>
        </ns3:GoodsMeasure>
        <ns3:GovernmentAgencyGoodsItem>
            <ns3:SequenceNumeric>1</ns3:SequenceNumeric>
            <ns3:StatisticalValueAmount>7442</ns3:StatisticalValueAmount>
            <ns3:Commodity>
                <ns3:Description>Heifers of the grey, brown or yellow mountain breeds and spotted Pinzgau breed, other than for slaughter; Of a weight not exceeding 80 kg</ns3:Description>
                <ns3:Classification>
                    <ns3:SequenceNumeric>1</ns3:SequenceNumeric>
                    <ns3:ID>010221</ns3:ID>
                    <ns3:IdentificationTypeCode>HS</ns3:IdentificationTypeCode>
                </ns3:Classification>
                <ns3:Classification>
                    <ns3:SequenceNumeric>2</ns3:SequenceNumeric>
                    <ns3:ID>10</ns3:ID>
                    <ns3:IdentificationTypeCode>CN</ns3:IdentificationTypeCode>
                </ns3:Classification>
                <ns3:GoodsMeasure>
                    <ns3:GrossMassMeasure unitCode="KGM">16500.00</ns3:GrossMassMeasure>
                    <ns3:NetNetWeightMeasure>16000.00</ns3:NetNetWeightMeasure>
                    <ns3:TariffQuantity unitCode="NAR">100.000</ns3:TariffQuantity>
                </ns3:GoodsMeasure>
            </ns3:Commodity>
            <ns3:GovernmentProcedure>
                <ns3:SequenceNumeric>1</ns3:SequenceNumeric>
                <ns3:CurrentCode>10</ns3:CurrentCode>
                <ns3:PreviousCode>00</ns3:PreviousCode>
            </ns3:GovernmentProcedure>
            <ns3:GovernmentProcedure>
                <ns3:SequenceNumeric>2</ns3:SequenceNumeric>
                <ns3:CurrentCode>000</ns3:CurrentCode>
            </ns3:GovernmentProcedure>
            <ns3:Origin>
                <ns3:SequenceNumeric>1</ns3:SequenceNumeric>
                <ns3:CountryCode>CN</ns3:CountryCode>
            </ns3:Origin>
            <ns3:Packaging>
                <ns3:SequenceNumeric>1</ns3:SequenceNumeric>
                <ns3:MarksNumbersID>ADR</ns3:MarksNumbersID>
                <ns3:QuantityQuantity>200</ns3:QuantityQuantity>
                <ns3:TypeCode>CT</ns3:TypeCode>
            </ns3:Packaging>
            <ns3:PreviousDocument>
                <ns3:SequenceNumeric>1</ns3:SequenceNumeric>
                <ns3:CategoryCode>N</ns3:CategoryCode>
                <ns3:ID>ID123</ns3:ID>
                <ns3:TypeCode>380</ns3:TypeCode>
            </ns3:PreviousDocument>
            <ns3:UCR>
                <ns3:TraderAssignedReferenceID>P198R65Q29</ns3:TraderAssignedReferenceID>
            </ns3:UCR>
        </ns3:GovernmentAgencyGoodsItem>
        <ns3:TradeTerms>
            <ns3:ConditionCode>DAP</ns3:ConditionCode>
            <ns3:LocationID>1234</ns3:LocationID>
            <ns3:LocationName>Place name</ns3:LocationName>
            <ns3:CountryCode>DK</ns3:CountryCode>
        </ns3:TradeTerms>
        <ns3:Warehouse>
            <ns3:ID>DKXXXX0XXXX</ns3:ID>
            <ns3:TypeCode>R</ns3:TypeCode>
        </ns3:Warehouse>
    </ns3:GoodsShipment>
    <ns3:ExportOffice>
        <ns3:identification>DK005600</ns3:identification>
    </ns3:ExportOffice>
    <ns3:SecurityCode>0</ns3:SecurityCode>
</ns3:Declaration>
