<jxb:bindings xmlns:jxb="http://java.sun.com/xml/ns/jaxb"
  xmlns:xs="http://www.w3.org/2001/XMLSchema" version="2.1"
    xmlns:xjc="http://java.sun.com/xml/ns/jaxb/xjc"
  jxb:extensionBindingPrefixes="xjc">
  <!-- The name of your generated source package -->

  <!-- Used a random message (CC015C in this case) in order to create a package that will include all our messages -->
  <jxb:bindings schemaLocation="trader-portal-notification-response.xsd" node="/xs:schema">
    <jxb:schemaBindings xmlns:xjc="http://java.sun.com/xml/ns/jaxb/xjc">
      <jxb:package name="com.intrasoft.trader.portal.model.notification"/>
    </jxb:schemaBindings>
  </jxb:bindings>

  <jxb:globalBindings>
    <xjc:serializable/>
    <!--    <xjc:javaType name="java.time.LocalDateTime" xmlType="xs:dateTime" adapter="com.intrasoft.trader.portal.model.DateTimeAdapter"/>-->
    <!--    <xjc:javaType name="java.time.LocalDate" xmlType="xs:date" adapter="com.intrasoft.trader.portal.model.DateAdapter"/>-->
  </jxb:globalBindings>
</jxb:bindings>
