<NotificationResult>
  <!--Optional:-->
  <TotalSize>string</TotalSize>
  <!--Optional:-->
  <LRN>string</LRN>
  <!--Optional:-->
  <MRN schemeID="token" schemeName="string" schemeAgencyID="str" schemeAgencyName="string" schemeVersionID="token" schemeDataURI="http://www.company.org/cum/sonoras" schemeURI="http://www.any.org/ventos/verrantque">token</MRN>
  <!--Optional:-->
  <Notifications>
    <!--Zero or more repetitions:-->
    <Notification>
      <NotificationEventType>string</NotificationEventType>
      <NotificationSID>string</NotificationSID>
      <Declaration>
        <!--Optional:-->
        <EffectiveDateTime>2008-11-15</EffectiveDateTime>
        <!--Optional:-->
        <MRN schemeID="token" schemeName="string" schemeAgencyID="str" schemeAgencyName="string" schemeVersionID="token" schemeDataURI="http://www.test.org/nimborum/fremunt" schemeURI="http://www.my.com/profundum/sceptra">token</MRN>
        <!--Optional:-->
        <LRN>string</LRN>
        <!--Optional:-->
        <CustomsOfficeOfExport schemeID="token" schemeName="string" schemeAgencyID="str" schemeAgencyName="string" schemeVersionID="token" schemeDataURI="http://www.test.com/iovis/flammato" schemeURI="http://www.sample.com/bella/nubibus">token</CustomsOfficeOfExport>
        <!--Optional:-->
        <Exporter>
          <!--Optional:-->
          <Name>string</Name>
          <!--Optional:-->
          <ID schemeID="token" schemeName="string" schemeAgencyID="str" schemeAgencyName="string" schemeVersionID="token" schemeDataURI="http://www.corp.gov/hoc/rapidum" schemeURI="http://www.any.gov/speluncis/circum">token</ID>
          <!--Optional:-->
          <FunctionCode listID="token" listAgencyID="str" listAgencyName="string" listName="string" listVersionID="token" name="string" languageID="string" listURI="http://www.sample.com/praeterea/arce" listSchemeURI="http://www.corp.org/imperio/certo">token</FunctionCode>
          <!--Optional:-->
          <Address>
            <!--Optional:-->
            <Line>string</Line>
            <!--Optional:-->
            <PostcodeID>string</PostcodeID>
            <!--Optional:-->
            <CityName>string</CityName>
            <!--Optional:-->
            <CountryCode>string</CountryCode>
          </Address>
          <!--Optional:-->
          <Contact>
            <!--Optional:-->
            <Name>string</Name>
            <!--Zero or more repetitions:-->
            <Communication>
              <!--Optional:-->
              <SequenceNumeric>1000</SequenceNumeric>
              <!--Optional:-->
              <ID>string</ID>
              <!--Optional:-->
              <TypeCode listID="token" listAgencyID="str" listAgencyName="string" listName="string" listVersionID="token" name="string" languageID="string" listURI="http://www.test.com/ac/feta" listSchemeURI="http://www.test.org/pectore/talia">token</TypeCode>
            </Communication>
          </Contact>
        </Exporter>
        <!--Optional:-->
        <Declarant>
          <!--Optional:-->
          <Name>string</Name>
          <!--Optional:-->
          <ID schemeID="token" schemeName="string" schemeAgencyID="str" schemeAgencyName="string" schemeVersionID="token" schemeDataURI="http://www.corp.edu/annos/sciret" schemeURI="http://www.corp.com/rates/bella">token</ID>
          <!--Optional:-->
          <FunctionCode listID="token" listAgencyID="str" listAgencyName="string" listName="string" listVersionID="token" name="string" languageID="string" listURI="http://www.company.com/faciat/magno" listSchemeURI="http://www.my.com/et/regemque">token</FunctionCode>
          <!--Optional:-->
          <Address>
            <!--Optional:-->
            <Line>string</Line>
            <!--Optional:-->
            <PostcodeID>string</PostcodeID>
            <!--Optional:-->
            <CityName>string</CityName>
            <!--Optional:-->
            <CountryCode>string</CountryCode>
          </Address>
          <!--Optional:-->
          <Contact>
            <!--Optional:-->
            <Name>string</Name>
            <!--Zero or more repetitions:-->
            <Communication>
              <!--Optional:-->
              <SequenceNumeric>1000</SequenceNumeric>
              <!--Optional:-->
              <ID>string</ID>
              <!--Optional:-->
              <TypeCode listID="token" listAgencyID="str" listAgencyName="string" listName="string" listVersionID="token" name="string" languageID="string" listURI="http://www.your.com/ventos/tenens" listSchemeURI="http://www.my.org/rapidum/habenas">token</TypeCode>
            </Communication>
          </Contact>
        </Declarant>
        <!--Optional:-->
        <Agent>
          <!--Optional:-->
          <Name>string</Name>
          <!--Optional:-->
          <ID schemeID="token" schemeName="string" schemeAgencyID="str" schemeAgencyName="string" schemeVersionID="token" schemeDataURI="http://www.sample.org/cum/iovisque" schemeURI="http://www.corp.com/abdidit/iunonis">token</ID>
          <!--Optional:-->
          <FunctionCode listID="token" listAgencyID="str" listAgencyName="string" listName="string" listVersionID="token" name="string" languageID="string" listURI="http://www.any.gov/ipsa/illum" listSchemeURI="http://www.my.org/nimborum/aris">token</FunctionCode>
          <!--Optional:-->
          <Address>
            <!--Optional:-->
            <Line>string</Line>
            <!--Optional:-->
            <PostcodeID>string</PostcodeID>
            <!--Optional:-->
            <CityName>string</CityName>
            <!--Optional:-->
            <CountryCode>string</CountryCode>
          </Address>
          <!--Optional:-->
          <Contact>
            <!--Optional:-->
            <Name>string</Name>
            <!--Zero or more repetitions:-->
            <Communication>
              <!--Optional:-->
              <SequenceNumeric>1000</SequenceNumeric>
              <!--Optional:-->
              <ID>string</ID>
              <!--Optional:-->
              <TypeCode listID="token" listAgencyID="str" listAgencyName="string" listName="string" listVersionID="token" name="string" languageID="string" listURI="http://www.company.com/montis/insuper" listSchemeURI="http://www.test.com/gero/nimborum">token</TypeCode>
            </Communication>
          </Contact>
        </Agent>
        <!--Optional:-->
        <VersionID>string</VersionID>
        <!--Optional:-->
        <SubmitterReferenceNumber>string</SubmitterReferenceNumber>
        <!--Optional:-->
        <AcceptanceDateTime>
          <DateTimeString formatCode="102">string</DateTimeString>
        </AcceptanceDateTime>
        <!--Optional:-->
        <CancellationDateTime>
          <DateTimeString formatCode="102">string</DateTimeString>
        </CancellationDateTime>
        <!--Optional:-->
        <RejectionDateTime>
          <DateTimeString formatCode="102">string</DateTimeString>
        </RejectionDateTime>
        <!--Optional:-->
        <DutyTaxFee>
          <!--Optional:-->
          <Payment>
            <!--Optional:-->
            <ReferenceID>string</ReferenceID>
            <!--Optional:-->
            <PaymentAmount currencyID="str">1000.00</PaymentAmount>
            <!--Optional:-->
            <TaxAssessedAmount currencyID="str">1000.00</TaxAssessedAmount>
          </Payment>
          <!--Optional:-->
          <AdValoremTaxBaseAmount currencyID="str">1000.00</AdValoremTaxBaseAmount>
          <!--Optional:-->
          <SpecificTaxBaseQuantity unitCode="strin">1000.00</SpecificTaxBaseQuantity>
          <!--Optional:-->
          <DeductAmount currencyID="str">1000.00</DeductAmount>
          <!--Optional:-->
          <DutyRegimeCode>string</DutyRegimeCode>
          <!--Optional:-->
          <TaxRateNumeric>1000.00</TaxRateNumeric>
          <!--Optional:-->
          <TypeCode>string</TypeCode>
          <!--Optional:-->
          <TaxAssessedAmount currencyID="str">1000.00</TaxAssessedAmount>
        </DutyTaxFee>
        <!--Optional:-->
        <GoodsShipment>
          <!--Zero or more repetitions:-->
          <GovernmentAgencyGoodsItem>
            <!--Optional:-->
            <SequenceNumeric>1000</SequenceNumeric>
            <!--Optional:-->
            <Commodity>
              <!--Zero or more repetitions:-->
              <DutyTaxFee>
                <!--Optional:-->
                <Payment>
                  <!--Optional:-->
                  <ReferenceID>string</ReferenceID>
                  <!--Optional:-->
                  <PaymentAmount currencyID="str">1000.00</PaymentAmount>
                  <!--Optional:-->
                  <TaxAssessedAmount currencyID="str">1000.00</TaxAssessedAmount>
                </Payment>
                <!--Optional:-->
                <AdValoremTaxBaseAmount currencyID="str">1000.00</AdValoremTaxBaseAmount>
                <!--Optional:-->
                <SpecificTaxBaseQuantity unitCode="strin">1000.00</SpecificTaxBaseQuantity>
                <!--Optional:-->
                <DeductAmount currencyID="str">1000.00</DeductAmount>
                <!--Optional:-->
                <DutyRegimeCode>string</DutyRegimeCode>
                <!--Optional:-->
                <TaxRateNumeric>1000.00</TaxRateNumeric>
                <!--Optional:-->
                <TypeCode>string</TypeCode>
                <!--Optional:-->
                <TaxAssessedAmount currencyID="str">1000.00</TaxAssessedAmount>
              </DutyTaxFee>
            </Commodity>
          </GovernmentAgencyGoodsItem>
        </GoodsShipment>
        <!--Zero or more repetitions:-->
        <amendment>
          <!--Optional:-->
          <createdBy>string</createdBy>
          <!--Optional:-->
          <sequenceNumber>100</sequenceNumber>
          <!--Optional:-->
          <value>string</value>
          <!--Optional:-->
          <amendmentActionType>string</amendmentActionType>
          <!--Optional:-->
          <amendmentReasonType>FINAL_DUTY_UPDATE</amendmentReasonType>
          <!--Optional:-->
          <pointer>string</pointer>
          <!--Optional:-->
          <timestamp>
            <DateTimeString formatCode="304">string</DateTimeString>
          </timestamp>
          <!--Optional:-->
          <declarationVersion>string</declarationVersion>
        </amendment>
        <!--Optional:-->
        <TimerExpirationInfo>
          <!--Optional:-->
          <ExpirationDateTime>
            <DateTimeString formatCode="102">string</DateTimeString>
          </ExpirationDateTime>
        </TimerExpirationInfo>
        <!--Optional:-->
        <SubmitterID>string</SubmitterID>
      </Declaration>
      <!--Zero or more repetitions:-->
      <Control>
        <!--Optional:-->
        <SequenceNumeric>1000</SequenceNumeric>
        <!--Optional:-->
        <LimitDateTime>
          <DateTimeString formatCode="102">string</DateTimeString>
        </LimitDateTime>
      </Control>
      <!--Zero or more repetitions:-->
      <Error>
        <!--Zero or more repetitions:-->
        <Pointer>
          <!--Optional:-->
          <DocumentSectionCode>string</DocumentSectionCode>
        </Pointer>
        <!--Optional:-->
        <ValidationCode>string</ValidationCode>
        <!--Optional:-->
        <ValidationInformation>string</ValidationInformation>
        <!--Optional:-->
        <ValidationRule>string</ValidationRule>
        <!--Optional:-->
        <ValidationText>string</ValidationText>
      </Error>
      <!--Optional:-->
      <AdditionalInformation>
        <!--Optional:-->
        <StatementCode>string</StatementCode>
        <!--Optional:-->
        <StatementTypeCode>string</StatementTypeCode>
        <!--Optional:-->
        <StatementDescription>string</StatementDescription>
      </AdditionalInformation>
      <!--Optional:-->
      <CustomsPosition>GRANTED</CustomsPosition>
      <!--Optional:-->
      <NotificationCreatedDate>
        <DateTimeString formatCode="102">string</DateTimeString>
      </NotificationCreatedDate>
      <!--Optional:-->
      <IssueDateTime>
        <DateTimeString formatCode="304">string</DateTimeString>
      </IssueDateTime>
      <!--Optional:-->
      <DueDate>
        <DateTimeString formatCode="102">string</DateTimeString>
      </DueDate>
      <!--Zero or more repetitions:-->
      <AdditionalDocument>
        <!--Optional:-->
        <Type>string</Type>
        <!--Optional:-->
        <Identifier>string</Identifier>
      </AdditionalDocument>
      <!--Optional:-->
      <AdditionalMessage>
        <!--Optional:-->
        <MRN schemeID="token" schemeName="string" schemeAgencyID="str" schemeAgencyName="string" schemeVersionID="token" schemeDataURI="http://www.company.org/nubibus/et" schemeURI="http://www.my.org/qui/profundum">token</MRN>
        <!--Optional:-->
        <URN schemeID="token" schemeName="string" schemeAgencyID="str" schemeAgencyName="string" schemeVersionID="token" schemeDataURI="http://www.my.com/atris/magno" schemeURI="http://www.my.org/sonoras/verrantque">token</URN>
      </AdditionalMessage>
    </Notification>
  </Notifications>
</NotificationResult>